type,DK,DK_2,FI,NO,NO_1,NO_2,NO_3,NO_4,NO_5,SE,SE_1,SE_2,SE_3,SE_4
hydro,,,2258.0,20450.0,2533.0,8422.0,2681.0,2821.0,3992.0,12048.0,3731.5558546433376,6167.127941710555,2018.8102288021535,285.79542395693136
nuclear,,,2797.0,,,,,,,7797.0,0.0,0.0,7797.0,0.0
other,3220.0,1191.0,2959.0,396.0,22.0,7.0,57.0,226.0,84.0,1147.0,0.0,0.0,772.1633986928105,219.547152194211
solar,0.0,0.0,,,,,,,,,0.0,0.0,0.0,0.0
wind-offshore,295.0,113.0,,,,,,,,,0.0,0.0,0.0,0.0
wind-onshore,593.0,166.0,1868.0,919.0,14.0,34.0,536.0,336.0,0.0,3069.0,671.3110732538331,1475.4204429301535,505.0517887563885,417.21669505962524
